INTID,avg_hourly_score,avg_LOS
1,2.511904761904762,C
2,4.065476190476191,E
3,4.011904761904762,E
4,4.160714285714286,E
5,2.9285714285714284,D
